{"cameraMode":{"drawMode":0,"name":"Shaded","section":"Shading Mode"},"sceneLighting":true,"audioPlay":false,"sceneViewState":{"showFog":true,"showMaterialUpdate":false,"showSkybox":true,"showFlares":true,"showImageEffects":true,"showParticleSystems":true},"in2DMode":false,"pivot":{"x":4.077408790588379,"y":4.878610610961914,"z":-17.236940383911134},"rotation":{"x":0.08068608492612839,"y":0.21942274272441865,"z":-0.018212424591183664,"w":0.9721171855926514},"size":19.152544021606447,"orthographic":false}