{"cameraMode":{"drawMode":0,"name":"Shaded","section":"Shading Mode"},"sceneLighting":true,"audioPlay":false,"sceneViewState":{"showFog":true,"showMaterialUpdate":false,"showSkybox":true,"showFlares":true,"showImageEffects":true,"showParticleSystems":true},"in2DMode":false,"pivot":{"x":8.127284049987793,"y":7.3134307861328129,"z":-18.065839767456056},"rotation":{"x":0.07674837112426758,"y":-0.19317626953125,"z":0.015158607624471188,"w":0.978040337562561},"size":40.010372161865237,"orthographic":false}