{"cameraMode":{"drawMode":0,"name":"Shaded","section":"Shading Mode"},"sceneLighting":true,"audioPlay":false,"sceneViewState":{"showFog":true,"showMaterialUpdate":false,"showSkybox":true,"showFlares":true,"showImageEffects":true,"showParticleSystems":true},"in2DMode":false,"pivot":{"x":4.960986614227295,"y":11.473298072814942,"z":-22.190250396728517},"rotation":{"x":0.07674837112426758,"y":-0.19317626953125,"z":0.015158607624471188,"w":0.978040337562561},"size":61.882591247558597,"orthographic":false}