{"cameraMode":{"drawMode":0,"name":"Shaded","section":"Shading Mode"},"sceneLighting":false,"audioPlay":false,"sceneViewState":{"showFog":true,"showMaterialUpdate":false,"showSkybox":true,"showFlares":true,"showImageEffects":true,"showParticleSystems":true},"in2DMode":false,"pivot":{"x":0.029191970825195314,"y":1.8530981540679932,"z":0.06723853945732117},"rotation":{"x":0.1952245533466339,"y":-0.01176871731877327,"z":0.0023427887354046108,"w":0.9806851744651794},"size":8.324308395385743,"orthographic":false}