{"cameraMode":{"drawMode":0,"name":"Shaded","section":"Shading Mode"},"sceneLighting":false,"audioPlay":false,"sceneViewState":{"showFog":true,"showMaterialUpdate":false,"showSkybox":true,"showFlares":true,"showImageEffects":true,"showParticleSystems":true},"in2DMode":false,"pivot":{"x":-0.3472933769226074,"y":2.710075616836548,"z":-0.4565681219100952},"rotation":{"x":0.17161841690540315,"y":-0.017731845378875734,"z":0.003089446108788252,"w":0.9849990606307983},"size":11.680205345153809,"orthographic":false}